{".flex":{"display":["-webkit-box","-webkit-flex","flex"]},".flex-v":{"WebkitBoxOrient":"vertical","WebkitFlexFlow":"column","flexFlow":"column"},".flex-h":{"WebkitBoxOrient":"horizontal","WebkitFlexFlow":"row","flexFlow":"row"},".flex-1":{"WebkitBoxFlex":"1","WebkitFlex":"1","flex":"1"},".flex-center":{"WebkitAlignItems":"center","alignItems":"center","WebkitJustifyContent":"center","justifyContent":"center","textAlign":"center"},".flex-center-v":{"WebkitBoxAlign":"center","msFlexAlign":"center","WebkitAlignItems":"center","alignItems":"center"},".flex-center-h":{"WebkitJustifyContent":"center","justifyContent":"center","textAlign":"center","WebkitTextAlign":"center"},".flex-left":{"WebkitBoxAlign":"center","msFlexAlign":"center","alignItems":"center","WebkitAlignItems":"center","justifyContent":"flex-start","WebkitJustifyContent":"flex-start","textAlign":"left","WebkitTextAlign":"left"},".flex-right":{"WebkitBoxAlign":"center","msFlexAlign":"center","alignItems":"center","WebkitAlignItems":"center","justifyContent":"flex-end","WebkitJustifyContent":"flex-end","textAlign":"right","WebkitTextAlign":"right"},".no-shrink":{"flexShrink":"0","WebkitFlexShrink":"0"},".pull-left":{"cssFloat":"left !important"},".pull-right":{"cssFloat":"right !important"},".text-center":{"textAlign":"center !important"},".ellipsis":{"overflow":"hidden","textOverflow":"ellipsis","whiteSpace":"nowrap"},".ellipsis-1":{"display":"-webkit-box","whiteSpace":"normal !important","overflow":"hidden","textOverflow":"ellipsis","wordWrap":"break-word","WebkitLineClamp":"1","WebkitBoxOrient":"vertical"},".ellipsis-2":{"display":"-webkit-box","whiteSpace":"normal !important","overflow":"hidden","textOverflow":"ellipsis","wordWrap":"break-word","WebkitLineClamp":"2","WebkitBoxOrient":"vertical"},".ellipsis-3":{"display":"-webkit-box","whiteSpace":"normal !important","overflow":"hidden","textOverflow":"ellipsis","wordWrap":"break-word","WebkitLineClamp":"3","WebkitBoxOrient":"vertical"},".input-field":{"backgroundColor":"#eeeeee","color":"black"},".txt-core":{"color":"#a0732a !important","fontSize":"18px"},".txt-desc":{"color":"#808080","fontSize":"14px"},".btn-back":{"width":"8vw","padding":"0 4vw 0 4vw","position":"absolute"},".topbar":{"paddingTop":"8vw","paddingBottom":"4vw","color":"#ffffff","width":"100%","height":"12vw","background":"url('../image/img/topbar.png') no-repeat","backgroundSize":"contain","alignItems":"center","WebkitAlignItems":"center","textAlign":"center","WebkitTextAlign":"center","fontSize":"22px"},".panel-title":{"fontSize":"18px","fontWeight":"bold"}}